<?xml version="1.0" encoding="UTF-8"?>
<!-- Default border color: #acc327 -->
<!-- Default background color: #ecf7ed -->

<promotions>
    <expiry_date>2019-12-10</expiry_date>
    <promo>
        <promo_id>yithblackfriday2019</promo_id>
        <title><![CDATA[<strong>YITH Black Friday</strong>]]></title>
        <description><![CDATA[
            Don't miss our <strong>30% discount</strong> on all our products! No coupon needed in cart. Valid from <strong>28th November</strong> to <strong>2nd December</strong>.
        ]]></description>
        <link>
            <label>Get your deals now!</label>
            <url><![CDATA[https://yithemes.com]]></url>
        </link>
        <style>
            <image_bg_color>#272121</image_bg_color>
            <border_color>#272121</border_color>
            <background_color>#ffffff</background_color>
        </style>
        <start_date>2019-11-27 23:59:59</start_date>
        <end_date>2019-12-03 08:00:00</end_date>
    </promo>
</promotions>